Booked,Loaded
11,12
67,69
339,339
12,12
59,64
356,360
12,14
62,76
361,360
13,14
70,73
324,334
12,13
71,74
334,335
10,10
65,72
314,314
12,12
64,69
326,325
13,14
69,69
369,367
12,14
75,76
396,398
5,5
66,68
327,327
8,11
43,50
355,355
4,6
46,49
230,230
6,6
58,59
185,188
7,8
52,53
256,258
7,7
72,73
312,310
10,13
72,73
309,311
6,6
36,39
189,187
10,11
38,38
171,169
12,14
56,56
151,150
11,11
46,48
210,213
10,14
60,60
170,172
10,11
60,62
251,251
8,9
57,58
251,253
6,9
58,57
173,173
8,10
49,51
178,178
10,14
71,68
168,165
7,9
62,64
154,155
9,11
69,73
221,222
12,14
66,67
266,267
11,11
68,73
266,269
6,6
67,69
237,240
7,9
57,58
220,209
5,5
68,69
233,232
12,12
67,71
206,209
10,12
68,68
224,225
11,11
70,73
283,285
9,10
60,61
236,237
11,14
67,67
221,221
7,10
58,59
221,224
7,9
67,68
178,180
2,3
42,46
217,219
12,14
70,76
329,333
11,13
64,76
343,338
11,13
66,70
343,341
8,8
75,76
311,311
13,14
70,76
312,317
8,9
69,75
312,310
14,14
71,72
400,400
13,14
69,73
406,399
14,14
74,76
414,410
14,14
73,76
416,419
13,14
74,76
417,419
14,14
76,76
390,390
11,13
76,76
387,389
13,14
76,76
399,399
14,14
76,76
415,418
14,14
77,76
414,416
12,14
74,76
415,414
12,13
72,76
403,400
8,14
79,76
387,395
13,14
74,76
365,368
11,14
69,71
397,394
8,13
79,76
391,395
14,14
75,76
406,404
11,13
77,76
413,420
8,9
69,74
389,404
13,14
78,76
357,362
12,13
77,76
388,389
13,14
76,76
354,357
14,14
76,76
407,408
14,14
72,76
371,370
14,14
76,76
407,407
11,14
70,76
404,424
10,13
74,76
382,382
12,14
74,76
399,398
13,14
73,76
330,326
12,14
61,70
373,399
13,14
73,76
393,398
13,14
74,76
411,411
13,14
71,76
402,401
14,14
72,76
386,389
13,14
75,76
393,397
14,14
75,76
398,408
11,14
74,76
397,401
13,14
71,76
401,400
11,14
74,76
374,376
13,14
66,74
360,362
13,14
63,68
355,368
13,13
67,71
357,360
13,14
73,76
349,351
14,14
69,76
326,343
12,14
75,76
375,384
14,14
76,76
358,370
13,14
69,72
345,355
7,7
64,65
359,357
13,13
72,74
339,341
9,12
70,76
343,347
12,13
64,68
344,355
14,14
76,76
338,346
11,14
71,71
351,357
9,11
74,76
366,369
10,11
70,69
368,370
8,10
71,72
393,394
12,12
75,75
378,384
13,14
74,76
390,391
14,14
74,76
392,393
14,14
73,74
385,393
13,14
72,75
389,392
14,14
66,76
390,368
12,14
73,76
376,388
12,14
72,75
390,394
13,14
76,76
391,393
14,14
73,76
391,394
14,14
76,76
394,394
14,14
72,76
392,392
12,14
74,76
385,387
12,14
70,72
384,391
11,11
70,75
386,391
14,14
77,76
393,395
14,14
72,76
390,390
14,14
75,76
392,394
13,14
70,76
389,391
14,14
75,76
394,394
14,14
71,73
387,389
12,12
64,67
371,367
14,14
71,76
368,371
13,14
70,75
364,370
13,14
70,69
364,358
12,14
76,75
356,362
14,14
65,76
357,360
14,14
73,76
358,358
14,14
75,76
362,364
12,14
74,76
383,382
14,14
71,76
372,374
12,13
76,76
378,379
11,14
73,75
365,367
14,14
70,73
352,353
12,13
77,76
342,349
13,14
75,76
370,371
14,14
76,76
367,376
10,14
77,76
371,374
12,14
77,76
390,392
12,13
77,76
364,367
13,13
73,76
378,381
14,14
73,76
366,369
13,14
72,76
371,373
14,14
76,76
358,359
13,13
69,72
374,376
11,12
65,69
343,342
14,14
68,69
356,359
11,11
72,76
368,371
12,12
75,76
362,366
12,14
73,73
384,390
14,14
74,76
388,394
14,14
76,76
385,387
14,14
75,76
395,394
13,14
75,76
391,394
14,14
76,76
386,390
13,14
75,76
379,389
13,14
73,75
365,373
14,14
74,76
397,394
14,14
77,76
357,364
14,14
76,76
373,373
14,14
70,74
377,379
14,14
73,76
358,367
13,14
75,76
358,365
14,14
75,76
370,371
14,14
76,76
383,385
12,14
73,76
382,386
14,14
74,76
369,375
12,14
68,76
356,371
13,13
71,76
382,383
14,14
69,70
378,381
14,14
67,71
377,379
14,14
76,76
380,384
14,14
74,76
390,393
14,14
74,76
379,380
14,14
74,76
385,393
14,14
74,76
385,387
12,14
76,76
377,383
14,14
75,76
388,393
14,14
75,76
394,350
13,14
76,76
385,393
14,14
41,58
378,382
14,14
74,76
375,387
15,14
71,76
382,390
14,14
74,76
384,388
14,14
76,76
388,394
14,14
76,76
395,394
13,14
76,76
391,394
11,13
72,76
380,386
14,14
69,76
384,388
10,14
65,72
361,380
12,14
68,74
373,379
11,13
66,74
367,371
14,14
71,76
362,377
14,14
72,76
367,374
14,14
72,75
374,373
13,14
71,76
355,357
11,13
68,74
368,378
12,13
68,74
357,363
14,14
71,76
362,364
11,12
64,70
378,377
13,14
73,76
363,382
12,14
69,75
384,387
13,14
67,67
393,394
13,14
60,70
380,384
8,8
63,71
392,394
9,12
74,74
381,382
10,11
64,72
364,363
13,13
64,71
336,374
14,14
72,76
389,387
10,12
68,76
318,320
10,12
65,68
307,309
7,7
7,7
65,70
65,70
328,326
328,326
7,9
7,9
70,74
70,74
327,327
327,327
11,11
11,11
65,75
65,75
320,321
320,321
12,13
12,13
69,72
69,72
305,322
305,322
10,10
59,62
310,315
7,10
71,73
341,338
12,14
72,74
320,322
13,14
74,75
335,337
12,14
72,76
331,338
12,14
67,76
344,338
11,12
70,76
347,338
8,8
65,74
340,338
12,14
70,76
327,338
11,13
54,76
366,338
12,14
73,76
339,338
6,11
68,76
346,338
9,14
78,76
341,338
11,14
66,69
340,338
13,14
69,76
347,338
13,14
70,76
330,338
11,12
68,74
342,338
4,8
65,76
350,338
10,14
69,74
341,338
12,14
71,76
340,338
13,14
66,76
341,338
10,14
70,76
349,338
13,14
69,72
338,336
12,14
74,76
341,338
14,14
73,76
338,338
13,14
75,76
339,338
11,14
76,76
346,338
11,14
77,76
345,338
12,14
77,76
339,338
11,14
71,76
341,338
12,14
60,76
349,338
10,13
66,76
339,338
12,14
76,76
341,338
13,14
73,76
330,338
12,14
75,76
340,338
10,14
63,72
324,338
14,14
73,76
339,338
12,14
74,76
335,338
14,14
74,76
341,338
14,14
76,76
338,338
14,14
76,76
338,338
14,14
72,76
338,338
13,13
75,76
338,337
14,14
75,76
338,338
11,13
71,76
338,338
12,13
74,76
339,338
13,14
73,76
338,338
12,14
73,76
341,338
14,14
74,76
332,335
10,14
75,76
342,338
13,14
73,76
334,332
13,13
67,76
344,338
10,13
76,74
350,331
11,14
73,76
338,334
13,14
73,76
335,338
14,14
71,76
337,335
10,10
70,74
335,335
14,14
71,75
349,338
11,13
71,76
333,330
13,13
67,72
348,338
9,12
67,76
327,324
11,12
68,73
344,338
14,14
65,68
333,333
12,14
74,76
313,313
12,13
72,76
320,317
12,14
66,69
301,301
9,11
66,71
301,304
9,11
70,76
320,320
13,14
76,76
319,320
14,14
71,76
330,327
12,12
72,76
306,304
11,11
67,72
287,292
12,12
62,64
289,288
11,11
63,64
288,287
9,9
65,67
304,308
10,10
65,69
306,307
12,14
71,76
297,303
7,10
68,70
286,283
12,14
63,63
305,304
12,12
71,75
310,309
9,12
64,70
301,302
10,14
70,76
316,316
13,14
71,76
332,338
11,14
73,76
323,338
14,14
72,73
320,323
12,14
65,76
328,326
6,10
69,74
319,314
11,13
76,76
318,318
8,8
72,76
313,335
12,14
76,76
322,328
13,14
73,76
326,326
11,14
76,76
334,338
13,14
68,72
293,332
14,14
69,76
318,317
14,14
72,76
304,305
8,10
73,75
311,309
12,14
69,76
298,299
10,11
71,76
304,314
14,14
71,76
293,293
11,12
74,76
327,325
14,14
71,73
317,314
12,14
72,76
293,291
13,14
74,76
308,306
13,14
72,76
285,284
13,14
71,76
306,312
10,14
75,74
319,320
13,14
71,76
303,300
14,14
71,76
304,307
13,14
71,76
322,324
13,14
70,76
314,315
10,13
73,76
333,326
13,14
75,76
330,329
14,14
74,76
331,327
14,14
73,76
322,328
14,14
75,76
299,301
13,14
73,76
313,316
12,14
68,76
328,330
12,12
76,76
291,295
12,14
70,74
293,292
12,12
73,76
292,305
12,14
72,76
299,306
10,13
67,69
297,297
12,14
72,76
286,286
14,14
72,76
275,280
14,14
75,76
312,313
14,14
73,76
308,315
14,14
74,76
311,316
11,14
69,76
307,307
11,14
77,76
300,301
14,14
66,76
270,269
12,14
65,76
261,286
11,14
72,76
304,309
12,14
75,76
310,310
13,14
76,76
326,330
14,14
69,76
317,325
9,10
69,76
297,302
14,14
73,76
314,320
14,14
71,76
328,332
8,11
66,76
293,293
13,14
68,76
283,299
6,9
68,76
336,338
6,7
55,66
327,325
7,10
67,76
328,332
10,13
65,73
337,338
10,13
69,73
339,338
14,14
67,76
335,338
11,14
67,74
333,335
